{
  "project_info": {
    "project_number": "522150899499",
    "firebase_url": "https://chatapp-da4a2.firebaseio.com",
    "project_id": "chatapp-da4a2",
    "storage_bucket": "chatapp-da4a2.appspot.com"
  },
  "client": [
    {
      "client_info": {
        "mobilesdk_app_id": "1:522150899499:android:1690a581468ea3fed21f6e",
        "android_client_info": {
          "package_name": "com.example.chatapp"
        }
      },
      "oauth_client": [
        {
          "client_id": "522150899499-flq49l8rgc1gsc78eo66c5p255gq1uh1.apps.googleusercontent.com",
          "client_type": 3
        }
      ],
      "api_key": [
        {
          "current_key": "AIzaSyC8mkN14VavysyAIa8_4GjBGuG2tz7FLzk"
        }
      ],
      "services": {
        "appinvite_service": {
          "other_platform_oauth_client": [
            {
              "client_id": "522150899499-flq49l8rgc1gsc78eo66c5p255gq1uh1.apps.googleusercontent.com",
              "client_type": 3
            }
          ]
        }
      }
    }
  ],
  "configuration_version": "1"
}